Title,Watched at,Device type,Watch duration,Profile name
"The Office: Season 1","2024-01-20","Laptop","100%","Main Account"
"Movie with ""Quotes"" Inside","2024-01-19","TV","50%","User Profile"
"Long Title That Has, Commas, In It","2024-01-18","Phone","75%","Main Account"
"Multi
Line Title","2024-01-17","TV","30%","User Profile"
"Incomplete Percent100","2024-01-16 10:30:00","Laptop","","Main Account"
"No Timestamp","","TV","80%","User Profile"
"Duplicate Entry","2024-01-15 14:22:00","Phone","60%","User Profile"
"Duplicate Entry","2024-01-15 14:22:00","Phone","60%","User Profile"
"Special Characters: café, naïve","2024-01-14","TV","88%","Café Watcher"
